video_id,title,channel_name,category_name,view_count,like_count,comment_count,engagement_score,duration_seconds,thumbnail_url,published_at,processed_at
dESIGVxSSCE,"Dhurandhar The Revenge - AARI AARI | Ranveer Singh | Shashwat Sachdev, Bombay Rockers | Aditya Dhar",T-Series,Music,16681041,392264,10808,2.4163479965069325,164,https://i.ytimg.com/vi/dESIGVxSSCE/hqdefault.jpg,2026-03-12 06:42:17+00:00,2026-03-15 09:47:54.859724
MLU5ZEp9YDo,Ustaad Bhagat Singh Trailer | Pawan Kalyan | Harish Shankar | Sreeleela | Raashii Khanna,Mythri Movie Makers,Entertainment,8443623,444568,9828,5.381528758448831,134,https://i.ytimg.com/vi/MLU5ZEp9YDo/hqdefault.jpg,2026-03-14 13:00:20+00:00,2026-03-15 09:47:54.859724
PQxomB2-C34,[Hindi] BGIS 2026 | SEMI FINALS | Day 3 #BGMILIVE #BGIS,KRAFTON INDIA ESPORTS,Gaming,3087661,97971,360,3.184643650970751,19995,https://i.ytimg.com/vi/PQxomB2-C34/hqdefault.jpg,2026-03-14 14:43:48+00:00,2026-03-15 09:47:54.859724
in-VYGclxQw,Collar Ey Etthara - Lyric Video | Ustaad Bhagat Singh | Pawan Kalyan |Harish Shankar|Devi Sri Prasad,Sony Music South,Music,7137304,304880,3549,4.321365602473987,261,https://i.ytimg.com/vi/in-VYGclxQw/hqdefault.jpg,2026-03-12 11:30:19+00:00,2026-03-15 09:47:54.859724
D6sCbIv4N7Y,"Bhooth Bangla -Official Teaser | Akshay Kumar, Tabu, Paresh, Wamiqa, Priyadarshan |In Cinemas 10 Apr",Balaji Motion Pictures,Film & Animation,19213762,271674,12906,1.4811258721743301,84,https://i.ytimg.com/vi/D6sCbIv4N7Y/hqdefault.jpg,2026-03-12 05:41:02+00:00,2026-03-15 09:47:54.859724
E2rtId8PzV0,Minecraft But I Opened a Mob Daycare..,Carry Depie,Gaming,1022984,13735,712,1.4122410516684523,1186,https://i.ytimg.com/vi/E2rtId8PzV0/hqdefault.jpg,2026-03-13 11:43:39+00:00,2026-03-15 09:47:54.859724
h0X_h3y96n4,Sarse Ninna Seraga Sarse Kannada Song  | KD | Nora Fatehi | Dhruva Sarja | Prems | AJ | KVN,Anand Audio,Entertainment,916341,21082,1205,2.4321731757064238,235,https://i.ytimg.com/vi/h0X_h3y96n4/hqdefault.jpg,2026-03-14 13:47:03+00:00,2026-03-15 09:47:54.859724
Exukk6JO9i0,BTS (방탄소년단) '아리랑 (ARIRANG)' Animation Trailer: What is your love song?,BANGTANTV,Music,3277567,692318,39558,22.32985626228236,64,https://i.ytimg.com/vi/Exukk6JO9i0/hqdefault.jpg,2026-03-13 02:00:00+00:00,2026-03-15 09:47:54.859724
28aVatf_1gI,🔴[Live Free Fire New Rank Season Rank Push Live !!,VISHNU RAJPUT GAMING,Gaming,1109949,20168,16,1.8184619293318882,42898,https://i.ytimg.com/vi/28aVatf_1gI/hqdefault.jpg,2026-03-14 18:29:54+00:00,2026-03-15 09:47:54.859724
aTD4Jgculqw,#Video | जेल यात्रा | #Jail Star Raushan Rohi | Jail Yatra | New #Maghi Rangdari Song 2026,Raushan Rohi - Junction ,Music,256033,3525,57,1.399038405205579,163,https://i.ytimg.com/vi/aTD4Jgculqw/hqdefault.jpg,2026-03-13 00:45:00+00:00,2026-03-15 09:47:54.859724
6QhTM9QuP_Y,#HotstarSpecials Muthu Engira #Kaattaan streaming from March 27 only on  #Jiohotstar | Trailer,JioHotstar Tamil,Film & Animation,1192697,6132,339,0.5425518803183038,120,https://i.ytimg.com/vi/6QhTM9QuP_Y/hqdefault.jpg,2026-03-13 12:30:09+00:00,2026-03-15 09:47:54.859724
TbTRDaH1J1U,Nobita Opened the Biggest Waterpark 🤑,Tyro Gaming,Gaming,787292,5831,528,0.8077054002835035,661,https://i.ytimg.com/vi/TbTRDaH1J1U/hqdefault.jpg,2026-03-13 13:55:01+00:00,2026-03-15 09:47:54.859724
_rk8opPEPAM,Nas Nas Kyu Dukhe पिया मेरी नस नस के हो दुखे || Anjali Raghav & Karan Chaudhary !! Brajbhasha Song,Sukoon Music,People & Blogs,356661,1093,23,0.31290216760453204,499,https://i.ytimg.com/vi/_rk8opPEPAM/hqdefault.jpg,2026-03-13 02:28:57+00:00,2026-03-15 09:47:54.859724
T5zPtARN1WE,Ustaad Bhagat Singh Trailer | Pawan Kalyan | Ustaad Bhagat Singh Trailer Reaction And Review | UBS,Ra One For You,Entertainment,56237,2859,387,5.772000640147946,518,https://i.ytimg.com/vi/T5zPtARN1WE/hqdefault.jpg,2026-03-14 13:50:32+00:00,2026-03-15 09:47:54.859724
sNUjYGdeWu8,I Need To Steal People's Face in This Horror Game (2 Random Horror Games),Live Insaan,Gaming,675854,30142,2124,4.774108017412044,1548,https://i.ytimg.com/vi/sNUjYGdeWu8/hqdefault.jpg,2026-03-13 13:45:16+00:00,2026-03-15 09:47:54.859724
55KzMQB6b18,Aadu 3 Video Song | Sulthaan | Shaan Rahman | Midhun Manuel Thomas |Vijay Babu & Venu Kunnappilly,Friday Music Company,Music,804573,43595,2724,5.756966738878884,274,https://i.ytimg.com/vi/55KzMQB6b18/hqdefault.jpg,2026-03-14 14:30:06+00:00,2026-03-15 09:47:54.859724
3wTDEpsZb_c,SWARG SE PYARA GHAR HAMARA - OFFICIAL TRAILER #Aamrapali Dubey #Anshuman.S #Shradha .N #Prakash J,Worldwide Records Bhojpuri,Music,341902,3896,36,1.150037145146855,260,https://i.ytimg.com/vi/3wTDEpsZb_c/hqdefault.jpg,2026-03-13 00:30:07+00:00,2026-03-15 09:47:54.859724
fnHtZ-Vqpkg,"Last to Leave the Circle Will Win $99,999,999..",Karry Kraft,Gaming,445129,9452,386,2.210145822896284,739,https://i.ytimg.com/vi/fnHtZ-Vqpkg/hqdefault.jpg,2026-03-14 12:24:09+00:00,2026-03-15 09:47:54.859724
_6NkHzf4zfM,Loveah Sollitalea Music Video | Ken Karunaas | GV Prakash | Youth,G.V. Prakash Kumar,Music,1173615,20338,364,1.7639515514031434,181,https://i.ytimg.com/vi/_6NkHzf4zfM/hqdefault.jpg,2026-03-13 14:39:50+00:00,2026-03-15 09:47:54.859724
dvQgE-8noLs,"Main Vaapas Aaunga | Official Teaser | Imtiaz Ali, A. R. Rahman, Diljit, Vedang, Sharvari, Naseer",Applause Entertainment,Entertainment,2821788,16816,729,0.621768892631197,74,https://i.ytimg.com/vi/dvQgE-8noLs/hqdefault.jpg,2026-03-13 07:30:09+00:00,2026-03-15 09:47:54.859724
CWRfeB95ISo,I BECAME A BUS DRIVER,Techno Gamerz,Gaming,5179809,220139,35330,4.932015833016236,1823,https://i.ytimg.com/vi/CWRfeB95ISo/hqdefault.jpg,2026-03-11 08:30:06+00:00,2026-03-15 09:47:54.859724
RiMpllYIcDM,Video | पिया हो लाय दा ना टॉनिकबा | #Saurabh Sugam Yadav & Srishti Bharti का सुपरहिट गाना | New Song,Saurabh Sugam Official ,Music,295211,9805,136,3.3674219456592067,184,https://i.ytimg.com/vi/RiMpllYIcDM/hqdefault.jpg,2026-03-13 01:30:25+00:00,2026-03-15 09:47:54.859724
Zil4RlXJkrc,Bhooth Bangla Teaser Review | Yogi Bolta Hai,YOGI BOLTA HAI,Entertainment,502440,22073,1041,4.60035029058196,182,https://i.ytimg.com/vi/Zil4RlXJkrc/hqdefault.jpg,2026-03-12 09:57:26+00:00,2026-03-15 09:47:54.859724
ADTiaJE3oP0,😱 Franklin VS GIANT SHARK! 🦈 City Panic 😨 | Indian Bikes Driving 3D | Shagun Gamerz | Ep-2,Shagun Gamerz,Gaming,147436,0,3,0.0020347811931956915,693,https://i.ytimg.com/vi/ADTiaJE3oP0/hqdefault.jpg,2026-03-13 15:30:11+00:00,2026-03-15 09:47:54.859724
R3YSOXYGRs0,Majhi Baay | Majhi Baay Go 2.0 | Nick Shinde | Shraddha Pawar | Ayush S | Keval | Sonali | Prashant,Prashant Nakti Official,Music,1120735,36866,1044,3.3826015962738736,223,https://i.ytimg.com/vi/R3YSOXYGRs0/hqdefault.jpg,2026-03-12 07:30:06+00:00,2026-03-15 09:47:54.859724
NHk7scrb_9I,Dhurandhar The Revenge Official Hindi Trailer | Ranveer S | Aditya D | In Cinemas 19 March 2026,JioStudios,Entertainment,54133103,1138205,57674,2.209145483494637,206,https://i.ytimg.com/vi/NHk7scrb_9I/hqdefault.jpg,2026-03-07 05:31:00+00:00,2026-03-15 09:47:54.859724
5mFfoOVqMWE,Franklin Become Ice Franklin To Fight With Lava Monster Franklin in Indian Bike Driving 3D:,Abbasssain Gamer,Gaming,352501,1670,10,0.4765943926400209,663,https://i.ytimg.com/vi/5mFfoOVqMWE/hqdefault.jpg,2026-03-13 01:31:54+00:00,2026-03-15 09:47:54.859724
Ljg68YzlQJo,#Video | ओठलाली पs | #Khesari Lal Yadav | Raksha Gupta | Othlali Pa | #Bhojpuri Song 2026,GMJ - Global Music Junction - Bhojpuri,Music,1699697,75691,5521,4.778028083829059,204,https://i.ytimg.com/vi/Ljg68YzlQJo/hqdefault.jpg,2026-03-12 01:00:18+00:00,2026-03-15 09:47:54.859724
PB6Rm0HF0FU,Ustaad Bhagat Singh Theatrical Trailer | Pawan Kalyan || Harish Shankar | DSP #ustaadbhagatsingh,Cinema Matters,Entertainment,56689,2337,0,4.122492899857115,146,https://i.ytimg.com/vi/PB6Rm0HF0FU/hqdefault.jpg,2026-03-14 11:26:00+00:00,2026-03-15 09:47:54.859724
R7ruQwSFDBY,New CART ESCAPE In Granny Chapter -2 😱 | New Enemy And Secret Places !,JENI GAMING,Gaming,171407,7609,606,4.7926864130403075,1639,https://i.ytimg.com/vi/R7ruQwSFDBY/hqdefault.jpg,2026-03-13 12:00:06+00:00,2026-03-15 09:47:54.859724
5eeZmuR1_w0,#Video | #Raushan Rohi | #रंगदारी | रायफल के नली में गांजा | #Srishti Bharti | #Maghi Rangdari Song,Raushan Rohi Entertainment,Music,934037,46141,3218,5.284480165132645,238,https://i.ytimg.com/vi/5eeZmuR1_w0/hqdefault.jpg,2026-03-12 01:30:04+00:00,2026-03-15 09:47:54.859724
mCxwmNkXGDI,"Mantra Muugdha | Official Teaser | Anupam Patnaik|Sanoj,Manmay, Sarthak,Bhoomika,Suryamayee,Dipanwit",Tarang Music,Film & Animation,46671,3009,412,7.330033639733453,110,https://i.ytimg.com/vi/mCxwmNkXGDI/hqdefault.jpg,2026-03-14 05:37:06+00:00,2026-03-15 09:47:54.859724
tRpCtwZGsAQ,ESCAPE TSUNAMI FOR BRAINROTS BUT U HAVE CURSED INFINITY BRAINROTS !!,Shivang Mini,Gaming,436542,13263,24957,8.755171323721429,934,https://i.ytimg.com/vi/tRpCtwZGsAQ/hqdefault.jpg,2026-03-13 12:29:59+00:00,2026-03-15 09:47:54.859724
Y1UT4sNR4O0,मकईया में राजा जी | #Pawan Singh | Makaiya Me Raja Ji | Monalisa Bhojpuri Song | Darar Bhojpuri Song,Trending Bhojpuri,Music,184658,613,16,0.3406297046431782,252,https://i.ytimg.com/vi/Y1UT4sNR4O0/hqdefault.jpg,2026-03-12 08:04:32+00:00,2026-03-15 09:47:54.859724
PMch3kAoG04,Jabardasth Mahidhar Review On Ustaad Bhagat Singh Trailer | Pawan Kalyan |Ustaad Bhagat Singh Review,Mahidhar Vibes,Entertainment,40232,2023,110,5.301749850864983,482,https://i.ytimg.com/vi/PMch3kAoG04/hqdefault.jpg,2026-03-14 13:27:39+00:00,2026-03-15 09:47:54.859724
aS2fHur1dPY,Buying Everything 🤑 -99999 Diamonds 😱 Garena Free Fire,SATVIK,Gaming,731625,22747,2505,3.45149495984965,1560,https://i.ytimg.com/vi/aS2fHur1dPY/hqdefault.jpg,2026-03-13 06:58:45+00:00,2026-03-15 09:47:54.859724
6iTDTOxjmRs,#Video | साड़ी के मोतिया | #Bhai Ji | #Shrishti Bharti | Sadi Ke Motiya | New Khortha Song 2026,Toto Music,Music,154185,2639,40,1.7375231053604434,225,https://i.ytimg.com/vi/6iTDTOxjmRs/hqdefault.jpg,2026-03-13 12:02:02+00:00,2026-03-15 09:47:54.859724
0mWgD_DYJiY,Maamla Legal Hai Season 2 | Official Trailer | Ravi Kishan | Netflix India,Netflix India,Entertainment,12966929,23648,1221,0.19178789364852697,153,https://i.ytimg.com/vi/0mWgD_DYJiY/hqdefault.jpg,2026-03-11 12:06:24+00:00,2026-03-15 09:47:54.859724
yxVeOUBWNXQ,ZOONOMALY KHELTE HAI 🔥 #shortsfeed #shortslive #chainedtogethergame #shorts #live  #ericislive #zoo,ERIC is LIVE,Gaming,191722,4185,0,2.1828480821189014,7873,https://i.ytimg.com/vi/yxVeOUBWNXQ/hqdefault.jpg,2026-03-15 03:35:35+00:00,2026-03-15 09:47:54.859724
x2nkLpF7p64,#Video | साड़ी द ना किन | #Sumit Singh & #Srishti bharti | Sadi Da Na Kin | New Maghi Song 2026,Sati Music Hits,Music,268990,7779,164,2.952897877244507,216,https://i.ytimg.com/vi/x2nkLpF7p64/hqdefault.jpg,2026-03-12 01:15:04+00:00,2026-03-15 09:47:54.859724
oJ4VXZaoisU,Bhooth Bangla Teaser REVIEW | Deeksha Sharma,Filmi Indian,Entertainment,384921,16311,745,4.431039096334053,199,https://i.ytimg.com/vi/oJ4VXZaoisU/hqdefault.jpg,2026-03-12 08:41:38+00:00,2026-03-15 09:47:54.859724
vkyjPv74y2E,iQOO Pro Series Season 3 - Playoffs | Day 1#iQOOProSeries #iQOOZ11x #FreeFireMax,iQOO ESPORTS,Gaming,205074,13697,170,6.761949345114447,16155,https://i.ytimg.com/vi/vkyjPv74y2E/hqdefault.jpg,2026-03-14 20:24:21+00:00,2026-03-15 09:47:54.859724
k3EcvKhgupQ,"#Video | आपन शादी में तोरा नचाईबो गे | #Raushan Rohi, #Anjali Bharti | New #Maghi Song 2026",Rowdy Films Bhojpuri,Music,179536,14738,468,8.469610551644239,248,https://i.ytimg.com/vi/k3EcvKhgupQ/hqdefault.jpg,2026-03-14 01:15:00+00:00,2026-03-15 09:47:54.859724
2LQyPAe2WYg,AMBE HAI MERI MAA OFFICIAL TRAILER I अम्बे है मेरी माँ AKSHARA SINGH I PAKHI HEDGE- BHOJPURI MOVIE,B4U Bhojpuri,Film & Animation,227199,3136,103,1.4256224719298942,293,https://i.ytimg.com/vi/2LQyPAe2WYg/hqdefault.jpg,2026-03-13 02:30:03+00:00,2026-03-15 09:47:54.859724
l0IMKrdJomU,“Morning Chicken Dinner 🍗 BGMI Live With Squad”💕 #iQOO #iQOOZ11x,PAYAL GAMING,Gaming,763236,15610,56,2.05257613634577,14747,https://i.ytimg.com/vi/l0IMKrdJomU/hqdefault.jpg,2026-03-14 12:13:46+00:00,2026-03-15 09:47:54.859724
RemKg7nm6ls,#4k Video Chhaudi Bhatar Khojo Hain | #Ashish Yadav & #Anjali Bharti | New Magahi Song 2026,IVY Magahi Gaana,Music,402380,19564,511,4.989065062875889,229,https://i.ytimg.com/vi/RemKg7nm6ls/hqdefault.jpg,2026-03-13 00:30:19+00:00,2026-03-15 09:47:54.859724
RCmyr_d3Hi0,Ek Din | Official Trailer | Sai Pallavi | Junaid Khan | Aamir Khan Productions | 01st May 2026,Aamir Khan Talkies,People & Blogs,15561377,51698,3449,0.3543838054948479,133,https://i.ytimg.com/vi/RCmyr_d3Hi0/hqdefault.jpg,2026-03-11 07:15:08+00:00,2026-03-15 09:47:54.859724
v2q1QwHq9lE,My First QnA Video 😍 -  Munna Bhai Gaming,Munna bhai gaming,People & Blogs,134597,29428,1128,22.701843280310854,1848,https://i.ytimg.com/vi/v2q1QwHq9lE/hqdefault.jpg,2026-03-14 12:45:06+00:00,2026-03-15 09:47:54.859724
P-d2wrdlA3E,LIVE: ಶನಿವಾರ ದಂದು ತಪ್ಪದೇ ಕೇಳಬೇಕಾದ ಶ್ರೀ ಹನುಮಾನ್ ಭಕ್ತಿ ಹಾಡುಗಳು - HANUMAN BHAKTHI SONGS LIVE,Kannada Bhakthi Sagar - ಕನ್ನಡ ಭಕ್ತಿ ಸಾಗರ್,Music,74772,389,2,0.522923019312042,42896,https://i.ytimg.com/vi/P-d2wrdlA3E/hqdefault.jpg,2026-03-14 16:15:49+00:00,2026-03-15 09:47:54.859724
jBU_eoArItA,Ustaad Bhagat Singh Trailer Reaction - ఇదీ పోయినట్టేనా?😬| Man of Fiction,Man Of Fiction,Film & Animation,26717,1280,227,5.640603361155819,602,https://i.ytimg.com/vi/jBU_eoArItA/hqdefault.jpg,2026-03-14 13:55:02+00:00,2026-03-15 09:47:54.859724
5vOHyGFYD7A,DO YOU NEED HELP MR. FAT BOY | Resident Evil Requiem - Part 3,BeastBoyShub,Gaming,309930,38170,2846,13.233956054592971,4614,https://i.ytimg.com/vi/5vOHyGFYD7A/hqdefault.jpg,2026-03-14 13:10:23+00:00,2026-03-15 09:47:54.859724
XgcIBtO4bQQ,Macarena Video Song | Prabhudeva | A R Rahman | Moonwalk 2026,Lahari Music,Music,1542667,30684,590,2.027268360572956,247,https://i.ytimg.com/vi/XgcIBtO4bQQ/hqdefault.jpg,2026-03-13 10:50:07+00:00,2026-03-15 09:47:54.859724
OV88vE116Uk,Ustaad Bhagat Singh Trailer | power star Pawan Kalyan | Harish Shankar | Sree leela | Thamans,H-series Studio  4.1M views . 9hrs ago....        ,Film & Animation,81698,2247,48,2.8091262944013318,152,https://i.ytimg.com/vi/OV88vE116Uk/hqdefault.jpg,2026-03-13 20:20:44+00:00,2026-03-15 09:47:54.859724
H6OAyZ60WbI,GTA V : SLENDER MAN Trapped Franklin & Michael Using Dark Powers (Part-4) ! in Telugu,Black7Plays,Gaming,91961,1268,101,1.48867454681876,1514,https://i.ytimg.com/vi/H6OAyZ60WbI/hqdefault.jpg,2026-03-14 11:15:00+00:00,2026-03-15 09:47:54.859724
1DXUV84tu4s,Tu Na Samjhe,Hellow Raja - Topic,Music,64919,1079,0,1.6620711964139927,149,https://i.ytimg.com/vi/1DXUV84tu4s/hqdefault.jpg,2026-03-13 17:54:33+00:00,2026-03-15 09:47:54.859724
t5pkwVCNfnE,Bhishmar Official Trailer | East Coast Vijayan | Dhyan Sreenivasan| Vishnu Unnikrishnan|Divya Pillai,East Coast,Music,271747,705,133,0.3083750694579885,118,https://i.ytimg.com/vi/t5pkwVCNfnE/hqdefault.jpg,2026-03-14 12:30:06+00:00,2026-03-15 09:47:54.859724
fBihGdO6b6E,"1,20,000 RS Trophy by ROHAN BRO & MY LUV BRO & JOKER BRO  #bgmilive  #bgmilive #madanop #madan #bts",M A D A N,Gaming,135520,6204,4,4.580873671782762,42899,https://i.ytimg.com/vi/fBihGdO6b6E/hqdefault.jpg,2026-03-14 21:33:59+00:00,2026-03-15 09:47:54.859724
QQNEKWOMtBs,बारात है राजा के (4K) Aashish Yadav New Song | Srishti Bharti | Barat Hai Raja Ke | Magahi Song 2026,Wave Music,Music,27602,6613,736,26.624882254909068,231,https://i.ytimg.com/vi/QQNEKWOMtBs/hqdefault.jpg,2026-03-15 01:30:21+00:00,2026-03-15 09:47:54.859724
jET70yD3C_8,Bhooth Bangla Teaser Surprised Me!,FlickVerse,Entertainment,318838,17025,656,5.545449413181616,357,https://i.ytimg.com/vi/jET70yD3C_8/hqdefault.jpg,2026-03-12 08:41:46+00:00,2026-03-15 09:47:54.859724
REK3pbBooPc,CHAIN TOGETHER WITH MVP VISHU  #shortslive#shortsfeed #shots @MVPVISHU,MVP VISHU,Gaming,577118,5703,0,0.9881861248479513,10578,https://i.ytimg.com/vi/REK3pbBooPc/hqdefault.jpg,2026-03-14 05:58:32+00:00,2026-03-15 09:47:54.859724
YwtvQ23_-34,Diljit Dosanjh : Dealer (Official Music Video) Virk Andaaz : Da Future,Diljit Dosanjh,Music,7013144,181010,5930,2.665566256731646,181,https://i.ytimg.com/vi/YwtvQ23_-34/hqdefault.jpg,2026-03-11 03:30:07+00:00,2026-03-15 09:47:54.859724
CD-kNjIw85E,RAKKHOSH | কোপ শুরু | OFFICIAL TRAILER | SIAM | SUSMITA | EID UL FITR 2026 | REAL ENERGY PRODUCTION ,Real Energy Production,Entertainment,696802,24817,6153,4.44459114640888,134,https://i.ytimg.com/vi/CD-kNjIw85E/hqdefault.jpg,2026-03-13 17:51:21+00:00,2026-03-15 09:47:54.859724
-tCad7diUtc,Franklin Directly Fight with GOLDEN MOON😱 Most Shocking Life Story,Happy Gamer,Gaming,122258,998,118,0.9128237006985227,736,https://i.ytimg.com/vi/-tCad7diUtc/hqdefault.jpg,2026-03-13 10:30:00+00:00,2026-03-15 09:47:54.859724
TtSd7L7oqb0,Google Bata Do Khush Rehne Ki Dawai 💔🍻 | Sad Heart Touching Song | Altaf Studio New Song 2026,Karhari Media Official,Music,299837,1306,20,0.4422402838875789,1275,https://i.ytimg.com/vi/TtSd7L7oqb0/hqdefault.jpg,2026-03-11 10:30:31+00:00,2026-03-15 09:47:54.859724
Q2QLjyiC_mg,Ustaad Bhagat Singh Trailer & Golmaal 5 Announcement Reaction | Pawan Kalyan | Ajay Devgn |,Shubham Kumar,Entertainment,22152,1632,114,7.881906825568798,455,https://i.ytimg.com/vi/Q2QLjyiC_mg/hqdefault.jpg,2026-03-14 15:51:12+00:00,2026-03-15 09:47:54.859724
kb_immw_8qw,JONATHAN vs GOBLIN - SAME LEVEL ? | OG DOMINATION 🔥,Mr Spike,Gaming,134793,16079,784,12.510293561238342,2519,https://i.ytimg.com/vi/kb_immw_8qw/hqdefault.jpg,2026-03-14 15:32:05+00:00,2026-03-15 09:47:54.859724
zfYi1JBonGA,"Zihaal e Miskin (Video) Vishal Mishra, Shreya Ghoshal|Rohit Zinjurke, Nimrit Ahluwalia|Javed-Mohsin",UMusicIndiaVEVO,Music,512336,4097,58,0.8109912245089159,259,https://i.ytimg.com/vi/zfYi1JBonGA/hqdefault.jpg,2026-03-11 04:01:04+00:00,2026-03-15 09:47:54.859724
9UohrY3YtOs,"Prakambanam | Official Trailer | Ganapathi, Sagar Surya | Watch Now on Malayalam ZEE5",ZEE5,Entertainment,28541,209,6,0.7533022669142636,114,https://i.ytimg.com/vi/9UohrY3YtOs/hqdefault.jpg,2026-03-14 02:30:07+00:00,2026-03-15 09:47:54.859724
eFFxWr2JC2A,Can You Escape GRANNY Without Making Noice? #granny,“DEX” is LIVE 🔴,Gaming,1057358,2801,0,0.26490554760071805,3551,https://i.ytimg.com/vi/eFFxWr2JC2A/hqdefault.jpg,2026-03-15 02:09:39+00:00,2026-03-15 09:47:54.859724
rugB08duIRA,Ainakaan (Official Video ) R Nait | Kiran Bajwa | New Punjabi Song 2026,R Nait,Music,3141943,48366,2118,1.606776443748343,182,https://i.ytimg.com/vi/rugB08duIRA/hqdefault.jpg,2026-03-10 04:30:01+00:00,2026-03-15 09:47:54.859724
ZNgYOahlYmA,LEAKED ! Spiderman Brand New Day Trailer RELEASE Update (தமிழ்),Mokka Commentry,Entertainment,62881,4864,153,7.978562681891191,553,https://i.ytimg.com/vi/ZNgYOahlYmA/hqdefault.jpg,2026-03-13 05:55:06+00:00,2026-03-15 09:47:54.859724
P2Fcck7DML0,Franklin Searching For The Best Concept Cars in GTA 5 ! (GTA 5 mods),Flight Gamer,Gaming,220234,6155,572,3.0544784184095097,1717,https://i.ytimg.com/vi/P2Fcck7DML0/hqdefault.jpg,2026-03-14 07:35:01+00:00,2026-03-15 09:47:54.859724
iBqvvwFQz68,शनिवार के दिन हर घर में सुनी जाती हैं यह चमत्कारी शनि अमृतवाणी | Shanidev Amritwani #Bhajan 2026,Bhakti Ganga,Music,41830,338,23,0.863016973464021,1072,https://i.ytimg.com/vi/iBqvvwFQz68/hqdefault.jpg,2026-03-06 23:30:30+00:00,2026-03-15 09:47:54.859724
vMc_pWm7G7o,Something Very Bad Is Going to Happen | Official Trailer | Netflix,Netflix,Entertainment,924964,14795,848,1.6912009548479725,155,https://i.ytimg.com/vi/vMc_pWm7G7o/hqdefault.jpg,2026-03-13 15:00:00+00:00,2026-03-15 09:47:54.859724
dqgU3H6_gE0,I Opened a School for FAMOUS MOBS in Minecraft...,Junkeyy,Gaming,785452,12448,711,1.6753410774942326,1142,https://i.ytimg.com/vi/dqgU3H6_gE0/hqdefault.jpg,2026-03-12 12:47:01+00:00,2026-03-15 09:47:54.859724
4_JzO8Fa3lE,Raushan Rohi | प्रशाशन | Srishti Bharti | Ft. Toshi Divedi | 4K Video | Maghi Rangdari Song 2026,Maa Tara Records,Music,258483,16773,623,6.730036404715204,210,https://i.ytimg.com/vi/4_JzO8Fa3lE/hqdefault.jpg,2026-03-13 01:00:09+00:00,2026-03-15 09:47:54.859724
oxzATs5etYA,🔴Ustaad Bhagat Singh Trailer Reaction | Man of Fiction Reacts,Man of Fiction Reacts,Entertainment,22435,1124,81,5.371071985736572,4350,https://i.ytimg.com/vi/oxzATs5etYA/hqdefault.jpg,2026-03-14 13:42:53+00:00,2026-03-15 09:47:54.859724
5x4PMlXqDzw,POOR Vs RICH Poppy Playtime Monsters Apocalypse Bunker Battle In Minecraft,MrAlpha,Gaming,203671,4687,583,2.5875063214694287,1934,https://i.ytimg.com/vi/5x4PMlXqDzw/hqdefault.jpg,2026-03-14 07:50:12+00:00,2026-03-15 09:47:54.859724
I-sRZ1fisuU,"#Video | सड़िया करिया | #Ankush Raja, #Karishma Kakkar | Sadiya Kariya | New Bhojpuri Song",Simran Beats,People & Blogs,86221,219,2,0.2563180663643428,1164,https://i.ytimg.com/vi/I-sRZ1fisuU/hqdefault.jpg,2026-03-13 06:30:10+00:00,2026-03-15 09:47:54.859724
T2hNe9z4nH8,"PRINCE (প্রিন্স) Pre-Blast | Eid 2026 | Shakib Khan | Dibyendu B, T Farin, Jyotirmoyee C | SK Films",SK Films,Entertainment,827285,36609,7902,5.380370730763884,90,https://i.ytimg.com/vi/T2hNe9z4nH8/hqdefault.jpg,2026-03-12 06:51:52+00:00,2026-03-15 09:47:54.859724
CzwKI2BBQoo,LEVEL 1 DIRT VS LEVEL 999 DIAMOND CHUNK IN MINECRAFT !!,Dash Empire,Gaming,255640,3214,120,1.3041777499608826,1192,https://i.ytimg.com/vi/CzwKI2BBQoo/hqdefault.jpg,2026-03-13 12:41:11+00:00,2026-03-15 09:47:54.859724
WaiK3GT8-AU,#न्यू देवी गीत 🌺 #जाग ए माई | Durga Mata Bhajan 2026 | Bhojpuri devi geet | Durga puja navratri song,RUDRA DEVOTIONAL,Music,37753,144,5,0.3946706222022091,1166,https://i.ytimg.com/vi/WaiK3GT8-AU/hqdefault.jpg,2026-03-08 22:45:05+00:00,2026-03-15 09:47:54.859724
SCYT8vb2siQ,Disclosure Day | Official Trailer,Universal Pictures,Entertainment,9506405,44379,3037,0.49877950707970053,158,https://i.ytimg.com/vi/SCYT8vb2siQ/hqdefault.jpg,2026-03-12 15:00:02+00:00,2026-03-15 09:47:54.859724
kbS5JZvv66s,"$1 to $1,000,000,000 ROCKET BIKE in GTA 5!",Jeet OP,Gaming,213811,1793,16,0.8460743366805263,1612,https://i.ytimg.com/vi/kbS5JZvv66s/hqdefault.jpg,2026-03-13 12:09:00+00:00,2026-03-15 09:47:54.859724
bXrKNYNA5RQ,Aaghosha Paattu (Music Video) Eechuu | Hanan Shaah | Muthu | Jimmy Godrick | Gallery Vision Indie,Gallery Vision Indie,Music,194124,16120,1063,8.851558797469657,173,https://i.ytimg.com/vi/bXrKNYNA5RQ/hqdefault.jpg,2026-03-13 16:30:06+00:00,2026-03-15 09:47:54.859724
DUhW6VtGfqc,🔴 SRM GAMING ON LIVE 🔴,SRM,Gaming,193802,5502,24,2.8513637630158613,21811,https://i.ytimg.com/vi/DUhW6VtGfqc/hqdefault.jpg,2026-03-14 11:25:25+00:00,2026-03-15 09:47:54.859724
SPBTlYNsZNY,Pardesi Mere Yaara Vaada Nibhana | Lyrical Song | Raja Hindustani | 90’s Evergreen Sad Song,hindi old songs,Music,488034,1384,29,0.2895290082248368,445,https://i.ytimg.com/vi/SPBTlYNsZNY/hqdefault.jpg,2026-03-11 10:00:00+00:00,2026-03-15 09:47:54.859724
CVsKxWcQTGU,KON HOGA AAJ KE F1 Race Ka Lucky Winner | TLRP,shreeman legend live,Gaming,157263,13620,58,8.697532159503506,29541,https://i.ytimg.com/vi/CVsKxWcQTGU/hqdefault.jpg,2026-03-13 23:15:25+00:00,2026-03-15 09:47:54.859724
f0i95p5l67Y,Dhurandhar The Revenge - Aari Aari,Release - Topic,Music,648672,15522,0,2.3928888560011843,211,https://i.ytimg.com/vi/f0i95p5l67Y/hqdefault.jpg,2026-03-12 06:42:00+00:00,2026-03-15 09:47:54.859724
Wgx8nz8EpkE,🌿FREE FIRE LIVE🌿PLAYING BR-RANKED😎2X AWM SPEED GAME PLAY 🎮🎯 ON LIVE - GARENA FREE FIRE,DAD I AM OK GAMING,Gaming,323514,4514,1,1.3956119364231534,20790,https://i.ytimg.com/vi/Wgx8nz8EpkE/hqdefault.jpg,2026-03-14 21:48:14+00:00,2026-03-15 09:47:54.859724
kyIA93yCMGI,"रविवार के दिन जरूर अपने घर में ये सुंदरकांड चलाकर रख देना कर्ज ,बीमारी खत्म और धन वर्षा शुरू",Sunder Path,Music,11093,300,32,2.992878391778599,2819,https://i.ytimg.com/vi/kyIA93yCMGI/hqdefault.jpg,2026-03-14 23:00:51+00:00,2026-03-15 09:47:54.859724
4gBri7rBvWE,FRANKLIN AND SHINCHAN BECOME BILLIONAIRE IN GTA 5,KL Fun Gaming,Gaming,45020,0,24,0.05330964015992892,753,https://i.ytimg.com/vi/4gBri7rBvWE/hqdefault.jpg,2026-03-14 06:08:46+00:00,2026-03-15 09:47:54.859724
ITqbCDjqEEo,#Video | पिया गैसवा लाई द ना | #Khesari Lal Yadav | Piya Gaswa Lai Da Na | Bhojpuri Viral Song 2026,Sukoon Bhojpuri,Music,339494,11453,69,3.3938744130971386,232,https://i.ytimg.com/vi/ITqbCDjqEEo/hqdefault.jpg,2026-03-12 11:53:25+00:00,2026-03-15 09:47:54.859724
cnoteu1qRzk,CAN I STOP THIS TRAIN | GTA V GAMEPLAY,kG Empire,Gaming,360683,1255,0,0.3479509707970711,4800,https://i.ytimg.com/vi/cnoteu1qRzk/hqdefault.jpg,2026-03-14 12:05:19+00:00,2026-03-15 09:47:54.859724
0SScKYxRgOo,"#Khesari Lal Yadav Birthday Song | बघवा के जन्मदिन हs ऐ भाई ❤️ | Akhilesh Kashyap , Shilpi Raj 🤟",Annapurna Films,Music,86414,22259,1451,27.437683708658316,228,https://i.ytimg.com/vi/0SScKYxRgOo/hqdefault.jpg,2026-03-14 12:03:31+00:00,2026-03-15 09:47:54.859724
R6SKrsd0s0g,LIVE 🛑 GTA V SUPERCAR SPEED TEST  #gta5 #gaming #gtav,Hear Is Live,Gaming,847406,5374,3,0.6345246552419973,5403,https://i.ytimg.com/vi/R6SKrsd0s0g/hqdefault.jpg,2026-03-14 09:24:03+00:00,2026-03-15 09:47:54.859724
03Rmrk4RsjQ,छठ पूजा व्रत गीत 2026 || अऊटल दूधवा ए दीनानाथ गईले हो सेराई ||kiran maurya Chhath Puja Vrat Geet,Madhur Music Geet,Music,52564,178,2,0.3424396925652538,1138,https://i.ytimg.com/vi/03Rmrk4RsjQ/hqdefault.jpg,2026-03-13 02:05:12+00:00,2026-03-15 09:47:54.859724
AT1ZwK5HKVA,Dangerous Roads in the Worlds - Euro Truck Simulator 2,ALICE STREAM,Gaming,481618,1971,0,0.40924550162161716,3786,https://i.ytimg.com/vi/AT1ZwK5HKVA/hqdefault.jpg,2026-03-14 10:19:26+00:00,2026-03-15 09:47:54.859724
e7_q-NpME0A,#Video- नाच ठुमका पर | #Raushan Roh & #Srishti Bharti | Thumka Par Jhumka #Maghi New Song 2026,Raushan Rohi Film,Music,137059,1158,16,0.856565420731218,1539,https://i.ytimg.com/vi/e7_q-NpME0A/hqdefault.jpg,2026-03-13 01:00:46+00:00,2026-03-15 09:47:54.859724
wyKNY1_HnTc,"Countries Decide Who Wins $25,000",MrBeast Gaming,Gaming,3515305,148954,23260,4.898977471371616,1508,https://i.ytimg.com/vi/wyKNY1_HnTc/hqdefault.jpg,2026-03-14 16:00:05+00:00,2026-03-15 09:47:54.859724
pLNyLwjTnxU,कसा येऊ येडू डोंगर चढून | Kasa Yeu Yedu Dongar Chadun | Rushab Hatkar | Yedamai Song | SK Brothers ,SK Star Music Company,Music,47629,4113,268,9.198177580885595,314,https://i.ytimg.com/vi/pLNyLwjTnxU/hqdefault.jpg,2026-03-13 11:29:35+00:00,2026-03-15 09:47:54.859724
hgYbfdjIG-A,Upgrading POOR SPIDERMAN to RICHEST SPIDERMAN $999999 in GTA 5,TheLoudDude,Gaming,266149,3435,51,1.3097926349526017,1395,https://i.ytimg.com/vi/hgYbfdjIG-A/hqdefault.jpg,2026-03-13 07:50:57+00:00,2026-03-15 09:47:54.859724
jr4JX3Y12zQ,#video || बाज के शिकार ना होवे || Sanjay Yaduvanshi | Shilpi Raj | Sanjay Sultanpuriya,Shujay Dhamaka Videos,People & Blogs,123918,683,12,0.5608547587921044,209,https://i.ytimg.com/vi/jr4JX3Y12zQ/hqdefault.jpg,2026-03-11 00:30:51+00:00,2026-03-15 09:47:54.859724
1p1jaU85omE,NRG vs. PRX — VALORANT Masters Santiago — Lower Finals,VALORANT Champions Tour,Gaming,1119507,17157,63,1.5381770725864152,17445,https://i.ytimg.com/vi/1p1jaU85omE/hqdefault.jpg,2026-03-14 21:29:18+00:00,2026-03-15 09:47:54.859724
-deXMxYNZT0,Nas Nas Kyu Dukhei | पिया मेरी नस नस दुखे | Anjali Raghav॥ Karan Chaudhary | Brij Bhasha Song 2026,Sargam Digital ,Music,109886,369,8,0.3430828312978905,360,https://i.ytimg.com/vi/-deXMxYNZT0/hqdefault.jpg,2026-03-11 13:20:33+00:00,2026-03-15 09:47:54.859724
IqicSKZ32fQ,🔴 FREE FIRE LIVE👻GARENA FREE FIRE💀GUILD TEST LIVE !! GAMING NINJA #fflive #shortslive #ff #shorts,NINJA TIME,Gaming,650938,6098,2,0.9371092177749648,34520,https://i.ytimg.com/vi/IqicSKZ32fQ/hqdefault.jpg,2026-03-14 18:29:32+00:00,2026-03-15 09:47:54.859724
68Lv7206qMk,सदाबहार पुराने फिल्मी गाने | Hindi Filmi Gaane | All Time Hit Songs | हिंदी फ़िल्मी नगमें | Old Songs,Shruti Bhajan Ras,Music,181064,973,11,0.5434542482216232,5519,https://i.ytimg.com/vi/68Lv7206qMk/hqdefault.jpg,2026-03-07 04:56:59+00:00,2026-03-15 09:47:54.859724
8b5EXP7xyJo,FRANKLIN BECOME VERY FAMOUS IN GTA 5 🤩,GAME THERAPIST,Gaming,87285,5480,385,6.719367588932807,1167,https://i.ytimg.com/vi/8b5EXP7xyJo/hqdefault.jpg,2026-03-13 13:16:58+00:00,2026-03-15 09:47:54.859724
VKRHvqDvUDI,#Video | गूगल बता दो खुश रहने की दबाई | Google Bata Do Khush Rehne Ki Dawai | New Hindi Sad Song,Cine Films Bhojpuri,Music,396875,3240,104,0.8425826771653544,371,https://i.ytimg.com/vi/VKRHvqDvUDI/hqdefault.jpg,2026-02-27 09:59:55+00:00,2026-03-15 09:47:54.859724
13kxSCpDHkQ,"FINALLY BOUGHT MOST LUXURY HOUSE IN LOS SANTOS! - $799,000,000 🤑 GTA 5 REA LIFE",Dattrax Gaming,Gaming,546138,22255,1878,4.418846518645471,5141,https://i.ytimg.com/vi/13kxSCpDHkQ/hqdefault.jpg,2026-03-13 04:30:00+00:00,2026-03-15 09:47:54.859724
sCuLojys0n4,Asla - Watan Sahi [Official MV] Latest Punjabi Song - K Million Music,K Million Music,Music,1089700,25267,2209,2.5214279159401674,132,https://i.ytimg.com/vi/sCuLojys0n4/hqdefault.jpg,2026-03-13 10:57:39+00:00,2026-03-15 09:47:54.859724
4nU9DqNCatI,"ROBLOX WOULD YOU RATHER, But it Actually Happens...",Nooblox ,Gaming,74791,4744,214,6.629139869770427,1246,https://i.ytimg.com/vi/4nU9DqNCatI/hqdefault.jpg,2026-03-13 09:30:05+00:00,2026-03-15 09:47:54.859724
0EfKv6VIHBM,"पापमोचिनी एकादशी व्रत कथा | चैत्र मास एकादशी | Ds Pal | Papmochini Ekadashi Katha,Ekadashi Katha New",Sonotek Bhakti,Music,14450,527,37,3.903114186851211,1544,https://i.ytimg.com/vi/0EfKv6VIHBM/hqdefault.jpg,2026-03-14 22:30:00+00:00,2026-03-15 09:47:54.859724
JeI2SpMX62A,VALO NOW BGMI DONE - #iQOO #iQOOZ11x,Snax Gaming,Gaming,182003,11859,16,6.524617726081439,18759,https://i.ytimg.com/vi/JeI2SpMX62A/hqdefault.jpg,2026-03-14 12:58:59+00:00,2026-03-15 09:47:54.859724
BWFr1xlkgL0,Lutt Le Gaya - 8K Video | Dhurandhar | Ranveer Singh | Akshaye Khanna | Shashwat Sachdev,Saregama Music,Music,479053,10165,291,2.182639499178588,125,https://i.ytimg.com/vi/BWFr1xlkgL0/hqdefault.jpg,2026-03-12 07:41:37+00:00,2026-03-15 09:47:54.859724
wLb1LeeCCDk,Minecraft But You Can Go Inside Mobs Head....,Flame playz,Gaming,111929,1750,89,1.6430058340555171,1384,https://i.ytimg.com/vi/wLb1LeeCCDk/hqdefault.jpg,2026-03-14 09:30:25+00:00,2026-03-15 09:47:54.859724
Qlw_10n1LmQ,Teri Yaadon Ki Chadar Odhe Official Video Dil Ne Tera Naam Liya #bollywood #hindisong #2026,Khan Brothers ,Music,78686,292,6,0.37872048394886004,413,https://i.ytimg.com/vi/Qlw_10n1LmQ/hqdefault.jpg,2026-03-12 10:30:16+00:00,2026-03-15 09:47:54.859724
E7EjQnercNA,iQOO Pro Series WATCHPARTY #iQOO #iQOOZ11x,SID,Gaming,176083,12972,15,7.375499054423199,10334,https://i.ytimg.com/vi/E7EjQnercNA/hqdefault.jpg,2026-03-14 19:09:18+00:00,2026-03-15 09:47:54.859724
NQMLsNSgfY4,RAWME HOODA - ILLUSION | OFFICIAL MUSIC VIDEO | NEW HARYANVI DESI HIP HOP SONG,RAWme Hooda,Music,146341,12515,786,9.08904544864392,258,https://i.ytimg.com/vi/NQMLsNSgfY4/hqdefault.jpg,2026-03-13 04:30:01+00:00,2026-03-15 09:47:54.859724
lqbN3LSchio,Driving on the World's Most Dangerous Roads - Euro Truck Simulator 2,ublag gaming,Gaming,920032,1775,0,0.19292807206705853,3610,https://i.ytimg.com/vi/lqbN3LSchio/hqdefault.jpg,2026-03-13 18:05:26+00:00,2026-03-15 09:47:54.859724
oboq2i6yTuw,"सुनर लईकी Official Video  #Arvind Akela Kallu, #Shilpi Raj  Queen Shalinee  Bhojpuri New Song 2026",Hungama Beats Music,People & Blogs,72434,235,3,0.3285749786012094,200,https://i.ytimg.com/vi/oboq2i6yTuw/hqdefault.jpg,2026-03-11 04:30:33+00:00,2026-03-15 09:47:54.859724
TmMOuypwFPM,Franklin Shinchan Doraemon Found Iron Man Suit  GTA 5 in Telugu,MAHI GAME ZONE,Gaming,30441,367,2,1.2121809401793633,909,https://i.ytimg.com/vi/TmMOuypwFPM/hqdefault.jpg,2026-03-14 12:03:58+00:00,2026-03-15 09:47:54.859724
3N-ShXh6FOI,"Sanam Teri Kasam - 8K/4K Music Video | Harshvardhan Rane | Himesh Reshammiya | Ankit Tiwari, Palak M",Sony Music India,Music,3068098,18725,226,0.617679096300053,225,https://i.ytimg.com/vi/3N-ShXh6FOI/hqdefault.jpg,2026-03-09 10:30:02+00:00,2026-03-15 09:47:54.859724
A-uMOw7f2cs,RUN! Escaping The MOST Dangerous Snake in Roblox! 😱🐍,JENI GAMING 2.0,Gaming,52950,3013,199,6.066100094428706,733,https://i.ytimg.com/vi/A-uMOw7f2cs/hqdefault.jpg,2026-03-14 05:00:15+00:00,2026-03-15 09:47:54.859724
z2cttUBaepA,Love Marriage | Shyam Yadav | Sanjana Yaduvanshi | new love song song 2026 emotional song ❤️,SS Real Music,Music,41428,4081,179,10.282900453799362,189,https://i.ytimg.com/vi/z2cttUBaepA/hqdefault.jpg,2026-03-14 12:28:25+00:00,2026-03-15 09:47:54.859724
hYmoUMSiNOA,I Survived 600 DAYS on the FLAT MAP with $0 ! Here's What Happened!? Farming Simulator 25,Snazzy Zone,Gaming,111209,11461,1445,11.605175840084886,4321,https://i.ytimg.com/vi/hYmoUMSiNOA/hqdefault.jpg,2026-03-14 02:30:40+00:00,2026-03-15 09:47:54.859724
tfXIQuBcXjQ,#Video | साड़ी के मोतिया | #Deepak Raj Yadav | #Shrishti Bharti | #Sadi Ke Motiya | New Khortha Song,Ankush Music Entertainment,Music,91699,1765,12,1.9378619177962682,231,https://i.ytimg.com/vi/tfXIQuBcXjQ/hqdefault.jpg,2026-03-12 00:45:06+00:00,2026-03-15 09:47:54.859724
VfZIDdh7Ve8,GRANNY 1 KHELE 🔥 #shortsfeed #shortslive #chainedtogethergame #shorts #live #wormateio,VISHDEE is LIVE,Gaming,249587,3500,2,1.4031179508548122,6564,https://i.ytimg.com/vi/VfZIDdh7Ve8/hqdefault.jpg,2026-03-14 23:32:30+00:00,2026-03-15 09:47:54.859724
6j0jqPl9jt0,#Video | #Banshidhar Chaudhary Ka Gana | Kam Nai Aitau 112 |  New Randari Song 2026,AYS MUSIC WORLD,Music,450154,2781,57,0.6304509123544387,197,https://i.ytimg.com/vi/6j0jqPl9jt0/hqdefault.jpg,2026-03-09 06:03:14+00:00,2026-03-15 09:47:54.859724
ChQpg9JNqUk,Rhea Ripley vs The Rock – Epic Dream Match | WWE 2K25 Gameplay,Deadlyzone2,Gaming,513038,1682,0,0.3278509584085389,40446,https://i.ytimg.com/vi/ChQpg9JNqUk/hqdefault.jpg,2026-03-14 15:31:56+00:00,2026-03-15 09:47:54.859724
6ITRIA3_sOM,Tere Ishq Mein Naachenge | Raja Hindustani | Aamir Khan | Karisma Kapoor | Kumar Sanu | Hindi Song,Best Of Alka Yagnik,Music,680610,2159,30,0.3216232497318582,410,https://i.ytimg.com/vi/6ITRIA3_sOM/hqdefault.jpg,2026-03-10 11:30:00+00:00,2026-03-15 09:47:54.859724
PuM4SWOVe7A,🔴LIVE Unq Gamer | Pubg Mobile Punju VS Petta | Live Stream #shorts  #shortvideo  #812,Unq Gamer,Entertainment,95377,2992,0,3.137024649548633,11225,https://i.ytimg.com/vi/PuM4SWOVe7A/hqdefault.jpg,2026-03-14 18:37:29+00:00,2026-03-15 09:47:54.859724
kqTywMEVxgs,Revenge of a Warrior,Dhanda Nyoliwala - Topic,Music,169157,10328,321,6.2953351028925795,47,https://i.ytimg.com/vi/kqTywMEVxgs/hqdefault.jpg,2026-03-12 10:04:20+00:00,2026-03-15 09:47:54.859724
3l7bvHIQ_As,SOUL VS GODL INTENSE LAST ZONE 🔥 | SOUL CHICKEN DINNER🚀 | ,SID REACTS,Entertainment,128260,11879,611,9.738032122251676,322,https://i.ytimg.com/vi/3l7bvHIQ_As/hqdefault.jpg,2026-03-14 12:28:54+00:00,2026-03-15 09:47:54.859724
_VOBTY0IZzU,lugai Chhoti | Ajay Hooda | Haryanvi Songs Haryanvi | Haryanvi Song 2026 | Haryanvi Song,VINOD GADLI,Music,114552,304,6,0.2706194566659683,176,https://i.ytimg.com/vi/_VOBTY0IZzU/hqdefault.jpg,2026-03-12 11:45:02+00:00,2026-03-15 09:47:54.859724
vIxU4iK0PTg,"WOULD YOU RATHER, But It ACTUALLY HAPPENS in ROBLOX!",SenpaiUnlimited,Gaming,146320,4134,932,3.462274466921815,661,https://i.ytimg.com/vi/vIxU4iK0PTg/hqdefault.jpg,2026-03-14 03:39:00+00:00,2026-03-15 09:47:54.859724
dZmavwgtpc0,"Uncha Nicha Rasta - New Haryanvi DJ Viral Song 2026 | Raj Mawar, Komal C | Bharti Choudhary Dance",Fame Digital Records,People & Blogs,113349,258,4,0.23114451825777027,159,https://i.ytimg.com/vi/dZmavwgtpc0/hqdefault.jpg,2026-03-09 07:17:17+00:00,2026-03-15 09:47:54.859724
xnxWKKgPsg0,NRG vs PRX BO5 |LOWER BRACKET FINALS| VALORANT Masters Santiago PlayoffsStage #vctmasterswatchparty,8bit Binks69,Gaming,118910,10583,8,8.906736187032209,14693,https://i.ytimg.com/vi/xnxWKKgPsg0/hqdefault.jpg,2026-03-14 21:18:52+00:00,2026-03-15 09:47:54.859724
36zuvzQmK8g,Tateeree - Cover Song And Cover Video | Biggest Track Of The Year |Official Music Video,Upasna Gahlot,Music,291269,2727,323,1.0471419890204587,164,https://i.ytimg.com/vi/36zuvzQmK8g/hqdefault.jpg,2026-03-10 04:30:03+00:00,2026-03-15 09:47:54.859724
fDGqZ2YyaVI,Minecraft Manhunt but I can Secretly SHAPESHIFT...🤯,DevXD,Gaming,107169,6235,188,5.993337625619349,2395,https://i.ytimg.com/vi/fDGqZ2YyaVI/hqdefault.jpg,2026-03-14 07:30:20+00:00,2026-03-15 09:47:54.859724
4JH4KpCADyg,एकादशी माता जी की आरती | Ekadashi Vrat ki Aarti | Ekadashi Mata ki Aarti Hindi | आरती एकादशी माता की,Bhakti Sadhna भक्ति साधना,Music,3071,116,9,4.070335395636601,697,https://i.ytimg.com/vi/4JH4KpCADyg/hqdefault.jpg,2026-03-14 12:45:01+00:00,2026-03-15 09:47:54.859724
RBA8FBkgUPc,Jack Made LONGEST BIKE in INDIAN THEFT AUTO😱 INDIAN BIKE DRIVING 3D,Target siblings Gamerz,Gaming,130799,2670,352,2.310415217241722,1244,https://i.ytimg.com/vi/RBA8FBkgUPc/hqdefault.jpg,2026-03-14 09:30:30+00:00,2026-03-15 09:47:54.859724
fPFyRfCGJCU,#video |साड़ी के मोतिया | #sadi ke motiya |#new khortha song | Viral Song | Sadi ke Motiya Jhari Gel,Vishahari Films,Music,195767,2097,39,1.0910929829848748,233,https://i.ytimg.com/vi/fPFyRfCGJCU/hqdefault.jpg,2026-03-12 00:30:00+00:00,2026-03-15 09:47:54.859724
Fui7y-CNrPU,I Secretly Possessed My Sister in Minecraft !,Mc flame,Gaming,272855,3588,113,1.3563980868959704,980,https://i.ytimg.com/vi/Fui7y-CNrPU/hqdefault.jpg,2026-03-13 07:30:08+00:00,2026-03-15 09:47:54.859724
LeszyRcJO4s,Gehra Hua (Cover) | Dhurandhar | Murtaza Khojami,Murtaza Khojami,Music,142830,738,9,0.5229993698802772,414,https://i.ytimg.com/vi/LeszyRcJO4s/hqdefault.jpg,2026-03-10 19:28:09+00:00,2026-03-15 09:47:54.859724
Xwa3QRFGojM,Franklin Get Anywhere Door Outside His House In Indian Bike Driving 3d,HandsomeGamer,People & Blogs,208539,0,13,0.006233845947280845,955,https://i.ytimg.com/vi/Xwa3QRFGojM/hqdefault.jpg,2026-03-13 01:30:13+00:00,2026-03-15 09:47:54.859724
xFGZH3BzP2g,Banjaare - Bairan (Lyrics),Indie India,People & Blogs,550259,7333,152,1.3602685280931344,151,https://i.ytimg.com/vi/xFGZH3BzP2g/hqdefault.jpg,2026-03-10 06:30:06+00:00,2026-03-15 09:47:54.859724
10EryHkHRfc,Ego അടിച്ചു Full Spin Akki 😈 New MP40 Evo Royale | Freefire Max ,AKSHAY AKZ,Gaming,35300,2735,101,8.03399433427762,936,https://i.ytimg.com/vi/10EryHkHRfc/hqdefault.jpg,2026-03-14 11:08:30+00:00,2026-03-15 09:47:54.859724
OQD11yH5EPQ,"Payal Ki Khanak | Official Video | Hindi New Song | Anil Rawat,Kajal | Mohit,Anshu | Bhaigiri Music",Naaz Hits record,Music,605188,1524,24,0.2557882839712618,385,https://i.ytimg.com/vi/OQD11yH5EPQ/hqdefault.jpg,2026-03-10 08:54:38+00:00,2026-03-15 09:47:54.859724
g_COXtDyxAA,NEW Trogon Gun😱 23 KILLS Solo vs Squad in Pro Lobby | Free Fire,Badge 99,Gaming,126838,10075,578,8.398902537094562,1035,https://i.ytimg.com/vi/g_COXtDyxAA/hqdefault.jpg,2026-03-14 05:30:00+00:00,2026-03-15 09:47:54.859724
4i8NASWyuQA,Kaattu Thottappol | Patriot Movie | Sushin Shyam | iSai | Kapil Kapilan | Anwar Ali,Sushin Shyam,Music,632615,7490,844,1.3173889332374351,256,https://i.ytimg.com/vi/4i8NASWyuQA/hqdefault.jpg,2026-03-12 11:30:06+00:00,2026-03-15 09:47:54.859724
Pgcn8246RVY,🔴GTA V LIVE | LOS SANTOS CHAOS AND RACING🔥 #shortsfeed #shortslive #gta #shorts #live #gta5,ADITYAISLIVE,Gaming,466021,2093,0,0.4491213915252746,6224,https://i.ytimg.com/vi/Pgcn8246RVY/hqdefault.jpg,2026-03-14 03:04:19+00:00,2026-03-15 09:47:54.859724
l4Bd2YPQ6vw,గోవింద నామాలు | Govinda Hari Govinda | Sri Venkateswara Swamy Songs | Govinda Namalu Full Telugu,Telugu Bhakti 24x7,Music,54222,234,16,0.46106746339124344,2042,https://i.ytimg.com/vi/l4Bd2YPQ6vw/hqdefault.jpg,2026-03-13 22:30:26+00:00,2026-03-15 09:47:54.859724
GJZhw03g0Fg,100 Serbian Dancing Lady Dances in Franklin’s House,Nadyummy,Gaming,168289,6086,192,3.7304874353047435,1452,https://i.ytimg.com/vi/GJZhw03g0Fg/hqdefault.jpg,2026-03-12 10:30:09+00:00,2026-03-15 09:47:54.859724
Wgd6ACl7FRQ,TATEEREE | Mhare Ri Mandere Pe Boli He Tatiri | Gurpeet Kaur | Badshah | New Haryanvi Song 2026,Haryanvi Star Records,Music,305997,14509,1150,5.1173704317362585,171,https://i.ytimg.com/vi/Wgd6ACl7FRQ/hqdefault.jpg,2026-03-12 03:30:18+00:00,2026-03-15 09:47:54.859724
J91gCs9smJ4,Franklin Building A Tree House For The First Time Ever in GTA 5 in Telugu | SHINCHAN and CHOP,GOPI FF,Gaming,31018,369,5,1.2057514991295377,1529,https://i.ytimg.com/vi/J91gCs9smJ4/hqdefault.jpg,2026-03-14 11:04:00+00:00,2026-03-15 09:47:54.859724
xZiNXDSzsx4,तीन बाण के धारी | छोटू सिंह रावणा | New Bhajan | Khatu Shyam | Teen Ban Ke Dhari | Chotu Singh Rawna,Mithila Mati ,Music,97607,870,53,0.9456288995666294,1931,https://i.ytimg.com/vi/xZiNXDSzsx4/hqdefault.jpg,2026-03-11 23:45:08+00:00,2026-03-15 09:47:54.859724
y1rtNrNuT8A,GRANNY 1 KHELE 🔥 #shortsfeed #shortslive #chainedtogethergame #shorts #live #wormateio #granny,RageGod fps,Gaming,113069,2695,0,2.3835003405000483,4675,https://i.ytimg.com/vi/y1rtNrNuT8A/hqdefault_live.jpg,2026-03-15 01:35:35+00:00,2026-03-15 09:47:54.859724
1QXofumYvMo,तीन बाण के धारी | छोटू सिंह रावना | Khatu shyam New bhajan | Teen baan ke Dhari | Chotu Singh Rawna,7S BEATS,Music,145483,1153,68,0.839273317157331,387,https://i.ytimg.com/vi/1QXofumYvMo/hqdefault.jpg,2026-03-05 23:45:01+00:00,2026-03-15 09:47:54.859724
Rni3YhixWoQ,AAJ HOGA GAMEPLAY! | JANWAR GAMEPLAY | WMAX | BGMI LIVE,Max Gaming,Gaming,142753,7788,20,5.46958732916296,17384,https://i.ytimg.com/vi/Rni3YhixWoQ/hqdefault.jpg,2026-03-14 20:11:50+00:00,2026-03-15 09:47:54.859724
SpEUvFD-e5U,Game - Surjit Bhullar | Mista Baaz | Bittu Cheema | Latest Punjabi Song 2026,Surjit Bhullar,Music,553455,38233,653,7.026045477952136,193,https://i.ytimg.com/vi/SpEUvFD-e5U/hqdefault.jpg,2026-03-13 04:29:14+00:00,2026-03-15 09:47:54.859724
WVe_ssTWNlU,Franklin Touch Anything Become Diamond Gold Life! in GTA 5 in Telugu | SHINCHAN and CHOP,Pennem Star,Gaming,165264,1703,20,1.042574305353858,1454,https://i.ytimg.com/vi/WVe_ssTWNlU/hqdefault.jpg,2026-03-12 11:04:19+00:00,2026-03-15 09:47:54.859724
0bLgv3R-THY,Kabhi Shaam Dhale,CXAND - Topic,Music,933717,6047,0,0.6476266363362775,275,https://i.ytimg.com/vi/0bLgv3R-THY/hqdefault.jpg,2026-03-09 21:43:22+00:00,2026-03-15 09:47:54.859724
9fyrGKa9kgI,Tommy's Deadly Trap For Michael | Gta V Gameplay #639,Insane Gaming With Mayank,Gaming,183224,12158,319,6.809697419552024,2709,https://i.ytimg.com/vi/9fyrGKa9kgI/hqdefault.jpg,2026-03-13 13:30:10+00:00,2026-03-15 09:47:54.859724
_jkqmQun8No,Taro Moh Na Melay - 4K Video - Gopal Bharwad - તારો મોહ ના મેલાય - New Gujarati Sad Song 2026,Jigar Studio,Music,94350,3779,115,4.127186009538951,500,https://i.ytimg.com/vi/_jkqmQun8No/hqdefault.jpg,2026-03-13 01:30:06+00:00,2026-03-15 09:47:54.859724
mAXo9EbXNBc,4.3 UPDATE IS HERE IN BGMI SOLO VS SQUAD🔥 #bgmi #bgmilive #shortsfeed #shortslive,NeonXPawanOP,Gaming,142348,3297,0,2.3161547756203107,15525,https://i.ytimg.com/vi/mAXo9EbXNBc/hqdefault.jpg,2026-03-14 19:26:33+00:00,2026-03-15 09:47:54.859724
i9ZHedoeHwE,#Video | #नीलकमल सिंह | धरS कमर राजा जी | #Neelkamal Singh | Shrishti Uttrakhandi | Bhojpuri Song,DB Bhojpuri,Music,338054,473,4,0.14110171747708947,228,https://i.ytimg.com/vi/i9ZHedoeHwE/hqdefault.jpg,2026-03-09 06:30:00+00:00,2026-03-15 09:47:54.859724
idvG0gn6GkQ,INDIAN TRUCK DRIVER GAMEPLAY #shortsfeed #shortslive #shorts #ets2 #live #dangerous #1,Yang Is Live,Gaming,760471,11029,0,1.4502854152229343,4185,https://i.ytimg.com/vi/idvG0gn6GkQ/hqdefault.jpg,2026-03-14 13:49:27+00:00,2026-03-15 09:47:54.859724
Ga_k5envGAY,Yeru Yerulu Dhati Full Song | Relare Ganga | Kalyan Keys | Hanmanth Yadav | Vaishnavi Sony,Relare Ganga,Music,31843,1804,69,5.881983481455893,263,https://i.ytimg.com/vi/Ga_k5envGAY/hqdefault.jpg,2026-03-14 11:53:36+00:00,2026-03-15 09:47:54.859724
RoHTt2why7Y,roblox best gameplay,StanRP,Gaming,598595,4818,5,0.8057200611431768,22,https://i.ytimg.com/vi/RoHTt2why7Y/hqdefault.jpg,2026-03-14 07:18:51+00:00,2026-03-15 09:47:54.859724
9SOtyn49oHY,पापमोचनी एकादशी स्पेशल Top10 Vishnu Bhajan | Ekadashi Katha Song | Papmochani Ekadashi Bhajan 2026,Bhakti Song mp3,Music,4316,55,5,1.3901760889712698,5926,https://i.ytimg.com/vi/9SOtyn49oHY/hqdefault.jpg,2026-03-15 00:36:53+00:00,2026-03-15 09:47:54.859724
H7AFRJVGhe4,Sakhi re bar pa gaini ban jala khas kahu pahila najariya me😭😭😭#freefire #freefiresong #sad #sadsong ,Dɢ sᴀʀᴋᴀʀ08,People & Blogs,61251,261,7,0.43754387683466395,302,https://i.ytimg.com/vi/H7AFRJVGhe4/hqdefault.jpg,2026-03-12 02:06:48+00:00,2026-03-15 09:47:54.859724
UidUOXuSJVU,Asla,Watan Sahi - Topic,Music,136981,3103,68,2.314919587388032,127,https://i.ytimg.com/vi/UidUOXuSJVU/hqdefault.jpg,2026-03-12 10:02:50+00:00,2026-03-15 09:47:54.859724
tfLk1xAFApU,LIVE 🛑GTA V  RACING STREAM WITH HIGH SPEED CARS !! #gta5  #gtav #gaming,KING SACHU,Gaming,512770,2797,4,0.5462488055073424,3546,https://i.ytimg.com/vi/tfLk1xAFApU/hqdefault.jpg,2026-03-14 07:52:54+00:00,2026-03-15 09:47:54.859724
WgmARIX1Y5A,Madhuri Dixit 90's Song : Palki Mein Hoke Sawar Chali Re - Khal Nayak | Alka Yagnik | Evergreen Song,Geetmala,Music,749418,1475,8,0.19788689356273803,465,https://i.ytimg.com/vi/WgmARIX1Y5A/hqdefault.jpg,2026-03-09 11:30:34+00:00,2026-03-15 09:47:54.859724
tALBRb6L45g,"GodLike LOVE but SouL ROAST 😬💔 CRYING on Live BGIS?😭 | Full STORY & All SHOCKED Reaction, BGMI😍 OMG!",GamingNews15K,People & Blogs,50639,2782,318,6.121763857896088,898,https://i.ytimg.com/vi/tALBRb6L45g/hqdefault.jpg,2026-03-14 17:49:40+00:00,2026-03-15 09:47:54.859724
Poo_7YDMcqw,"भक्ति भजन : कर्पूर गौरम करुणावतारं, ॐ नमः शिवाय, शिव अमृतवाणी, चालीसा व आरती",Namo Bhakti Marg,Music,68441,426,25,0.6589617334638593,3571,https://i.ytimg.com/vi/Poo_7YDMcqw/hqdefault.jpg,2026-03-09 22:30:07+00:00,2026-03-15 09:47:54.859724
Hvd7wshpHek,Franklin and Shinchan Found a Secret Room Inside Chop’s House! | GTA 5 Bangla Gameplay,Believer Plays Bangla,Gaming,149427,0,32,0.021415139164943416,1119,https://i.ytimg.com/vi/Hvd7wshpHek/hqdefault.jpg,2026-03-14 04:30:11+00:00,2026-03-15 09:47:54.859724
DiwtyRqbevs,"Tuition Badmashi Kaa - Hemant Faujdar, Kiran, Masoom Sharma, Manisha Sharma, Ajay Dhankhar, AmanJaji",Black Moon Films ,Music,14519,133,5,0.950478683104897,442,https://i.ytimg.com/vi/DiwtyRqbevs/hqdefault.jpg,2026-03-14 09:30:07+00:00,2026-03-15 09:47:54.859724
mNFJqMNimmI,NEW SEASON CSR 😎 PUSH TO TOP 1 GRANDMASTER 😎👽 #shorts #shortsfeed #shortslive #raistar #freefire,GW KARAN,Gaming,150146,1570,0,1.045648901735644,4340,https://i.ytimg.com/vi/mNFJqMNimmI/hqdefault.jpg,2026-03-15 02:51:22+00:00,2026-03-15 09:47:54.859724
GYAWaeSle70,Enga Vechi Podhachita - Video Song | Thaai Kizhavi | Radikaa | Sivakumar Murugesan |Nivas K Prasanna,Saregama Tamil,Music,105982,692,19,0.6708686380706158,274,https://i.ytimg.com/vi/GYAWaeSle70/hqdefault.jpg,2026-03-13 12:30:18+00:00,2026-03-15 09:47:54.859724
pnqzJMAqGs0,🔴LIVE: Zoonomaly Horror Gameplay ||  Let’s play Together! || BOBIGamingYT Live Stream,BOBIGamingYT,Gaming,413971,6997,1,1.690456577876228,6668,https://i.ytimg.com/vi/pnqzJMAqGs0/hqdefault.jpg,2026-03-14 05:57:36+00:00,2026-03-15 09:47:54.859724
hgsvk3Xk2GY,#न्यू चैती छठ पूजा स्पेशल परम्परिक गीत 2026 🌺🌺 | Chaiti Chhath Puja Special Geet | Chhath Geet 2026,Raftar Bhakti Bhajan,People & Blogs,94649,701,7,0.748026920516857,3191,https://i.ytimg.com/vi/hgsvk3Xk2GY/hqdefault.jpg,2026-03-10 23:50:00+00:00,2026-03-15 09:47:54.859724
sznFyqxAAqU,NEW SKYBLOCK SURVIVAL SERIES!,Sudhy,Gaming,26914,3617,427,15.025637214832429,1026,https://i.ytimg.com/vi/sznFyqxAAqU/hqdefault.jpg,2026-03-14 12:43:32+00:00,2026-03-15 09:47:54.859724
P0q4nKwYeSw,Dhir Dhir Tillana,Release - Topic,Music,45372,99,0,0.2181962443797937,312,https://i.ytimg.com/vi/P0q4nKwYeSw/hqdefault.jpg,2026-03-10 12:59:20+00:00,2026-03-15 09:47:54.859724
JOPmUwQnmSI,I Survived a Day as BIGFOOT in The Forest!! Bigfoot Life ,NoobMaster,Gaming,33435,2144,315,7.354568565874084,1284,https://i.ytimg.com/vi/JOPmUwQnmSI/hqdefault.jpg,2026-03-14 12:30:34+00:00,2026-03-15 09:47:54.859724
eu9lIrbx_j0,Owais Raza Qadri || Alvida Alvida Mahe Ramzan || Official Video || Old Is Gold Naatein,Old is Gold Naatein,People & Blogs,79349,1026,45,1.3497334559981853,760,https://i.ytimg.com/vi/eu9lIrbx_j0/hqdefault.jpg,2026-03-14 00:00:48+00:00,2026-03-15 09:47:54.859724
X4OjrIE0R9w,FFKPrasanth On Live 😉  | | free fire rank push😱😨 ff live tamil #fftamil #freefiretamil #ffkprasanth,FFK Prasanth Live ,Gaming,80306,2997,5,3.738201379722561,12428,https://i.ytimg.com/vi/X4OjrIE0R9w/hqdefault.jpg,2026-03-14 15:45:19+00:00,2026-03-15 09:47:54.859724
hWtkufW1l_8,रोटिया बेलही के परी | Srishti Bharti | 4K Video | Rotiya Belahi Ke Pari | Bhojpuri Video Song 2026,MTR Express,Music,408520,1439,18,0.35665328502888477,195,https://i.ytimg.com/vi/hWtkufW1l_8/hqdefault.jpg,2026-03-07 01:00:51+00:00,2026-03-15 09:47:54.859724
r8zFk7Fvccw,BGIS VLOG DAY 1 | ZGOD ft @GodLikeEsportss ,ZGOD GAMING,Gaming,141556,14331,309,10.342196727796773,804,https://i.ytimg.com/vi/r8zFk7Fvccw/hqdefault.jpg,2026-03-13 09:51:09+00:00,2026-03-15 09:47:54.859724
o2O5zld368E,Dinda Samay Bhar  Bechon | Happy Sarhul | New Kurukh Song | Singer Pawan Roy & Jyoti Sahu,Sangi Production,Music,48641,1255,75,2.7343187845644623,324,https://i.ytimg.com/vi/o2O5zld368E/hqdefault.jpg,2026-03-13 01:48:32+00:00,2026-03-15 09:47:54.859724
w7l-rzOWNps,Granny Live! Intense 🔥Escape Room Gameplay || Granny Jumpscares! ||granny legacy #granny #live,KAAL BHAIRAV .9,Gaming,819594,2562,0,0.3125937964406767,4108,https://i.ytimg.com/vi/w7l-rzOWNps/hqdefault.jpg,2026-03-14 10:27:50+00:00,2026-03-15 09:47:54.859724
bBKNNnYgg9U, New Song 2026 | Dil Ki Khamoshi | Aryan Khan | Rashmika M. | New Hindi Song | Romantic Song 2026,Prakash Jojawar,Music,476031,2968,38,0.6314714797985845,271,https://i.ytimg.com/vi/bBKNNnYgg9U/hqdefault.jpg,2026-03-12 02:27:24+00:00,2026-03-15 09:47:54.859724
j56naAiJzJU,🔴[Live Free Fire New Rank Season Rank Push Live !! Goldmedal Pennem Star is Back,MADHU PENNEM GAMING,Gaming,129158,3722,0,2.881741742671766,16728,https://i.ytimg.com/vi/j56naAiJzJU/hqdefault.jpg,2026-03-14 15:47:58+00:00,2026-03-15 09:47:54.859724
qUbv25csvlA,#Video | साड़ी के मोतीया |#Deepak Raj Yadav | #Shristi Bharti | Sadi Ke Motiya | 2026 ,DEEPAK RAJ YADAV OFFICIAL,Music,89500,3825,114,4.401117318435754,225,https://i.ytimg.com/vi/qUbv25csvlA/hqdefault.jpg,2026-03-13 05:34:29+00:00,2026-03-15 09:47:54.859724
SFf7hlu3PZU,Franklin Turns Into a Giant - GTA 5,Mask Girl Gaming,Gaming,23779,457,32,2.056436351402498,886,https://i.ytimg.com/vi/SFf7hlu3PZU/hqdefault.jpg,2026-03-14 09:07:53+00:00,2026-03-15 09:47:54.859724
cqsuoNjKsSo,अलविदा अलविदा माहे रमजान | Alvida Alvida Mahe Ramzan | Heart Touching Kalam 2026 | Faizan Taj,Taj Gulshan Islamic,Music,231022,1431,25,0.6302430071594912,404,https://i.ytimg.com/vi/cqsuoNjKsSo/hqdefault.jpg,2026-03-13 02:00:00+00:00,2026-03-15 09:47:54.859724
Ag5NHyiODZM,CHANCE TO WIN FREE DIAMONDS 💎 Free Fire Max,STAR GAMERS,Gaming,38816,4871,252,13.198165704863973,313,https://i.ytimg.com/vi/Ag5NHyiODZM/hqdefault.jpg,2026-03-14 16:45:25+00:00,2026-03-15 09:47:54.859724
BYstnEX2JqE,Sadi Ke Motiya Jhari Gel Singer Bhai Ji & Shrishti Bharti New Khortha Song Mix Dj Rajhans Jamui,Dj Rajhans Jamui No1,Music,435308,5116,57,1.1883539930348166,188,https://i.ytimg.com/vi/BYstnEX2JqE/hqdefault.jpg,2026-03-11 01:00:13+00:00,2026-03-15 09:47:54.859724
I6P23erF4JA,UPGRADING My ANIMAL Until I Get 99 WINS in ROBLOX !,GT Blox,Gaming,21736,1087,83,5.382775119617225,1822,https://i.ytimg.com/vi/I6P23erF4JA/hqdefault.jpg,2026-03-14 14:29:27+00:00,2026-03-15 09:47:54.859724


